<?xml version="1.0" encoding="utf-8"?>
<Defs>

    <ThingDef ParentName="ApparelMakeableBase" Name="CASPowGlovesBase" Abstract="true">
		<defName>CASPowArmGloves</defName>
		<label>marine gloves</label>
		<description>A pair of marine gloves with enhanced grip assistance and set of embedded recoil stabilisers.</description>
		<techLevel>Spacer</techLevel>
		<tradeability>Sellable</tradeability>
        <generateCommonality>0.05</generateCommonality>
		<costList>
			<Plasteel>20</Plasteel>
			<ComponentSpacer>1</ComponentSpacer>
		</costList>
		<statBases>
			<MaxHitPoints>160</MaxHitPoints>
			<WorkToMake>16000</WorkToMake>
			<Mass>2</Mass>
			<Flammability>0.4</Flammability>
			<ArmorRating_Sharp>0.74</ArmorRating_Sharp>
			<ArmorRating_Blunt>0.3</ArmorRating_Blunt>
			<ArmorRating_Heat>0.7</ArmorRating_Heat>
			<Insulation_Cold>2</Insulation_Cold>
 			<Insulation_Heat>4</Insulation_Heat>
            <EquipDelay>2.5</EquipDelay>
		</statBases>	
		<equippedStatOffsets>
			<ShootingAccuracyPawn>0.05</ShootingAccuracyPawn>
		</equippedStatOffsets>
		<thingCategories Inherit="False">
			<li>CASHandWear</li>
		</thingCategories>
		<apparel>
			<bodyPartGroups>
				<li>Hands</li>
			</bodyPartGroups>
			<layers>
				<li>Middle</li>
			</layers>
			<tags>
				<li>SpacerMilitary</li>
				<li>RoyalCombatGear</li>
			</tags>
			<defaultOutfitTags>
				<li>Soldier</li>
            </defaultOutfitTags>
		</apparel>
		<recipeMaker>
			<unfinishedThingDef>UnfinishedTechArmor</unfinishedThingDef>
			<researchPrerequisite>PoweredArmor</researchPrerequisite>
			<skillRequirements>
				<Crafting>8</Crafting>
			</skillRequirements>
			<recipeUsers Inherit="False">
				<li>FabricationBench</li>
			</recipeUsers>
		</recipeMaker>
		<thingSetMakerTags>
      		<li>RewardStandardHighFreq</li>
    	</thingSetMakerTags>
		<tradeTags>
      		<li>HiTechArmor</li>
    	</tradeTags>
    </ThingDef>
	
	<ThingDef ParentName="CASPowGlovesBase">
		<defName>CASPowArmGlovesArctic</defName>
		<label>marine gloves (Arctic)</label>
		<description>A pair of marine gloves with enhanced grip assistance and set of embedded recoil stabilisers. These gloves have an arctic camo design.</description>
		<graphicData>
			<texPath>Things/Item/CASHandwear/CASPowArmGlovesArctic</texPath>
			<graphicClass>Graphic_Single</graphicClass>
		</graphicData>
		<apparel>
			<tags>
				<li>PassiveCamo_Arctic_High</li>
			</tags>
		</apparel>
	</ThingDef>
	
	<ThingDef ParentName="CASPowGlovesBase">
		<defName>CASPowArmGlovesDesert</defName>
		<label>marine gloves (Desert)</label>
		<description>A pair of marine gloves with enhanced grip assistance and set of embedded recoil stabilisers. These gloves have a desert camo design.</description>
		<graphicData>
			<texPath>Things/Item/CASHandwear/CASPowArmGlovesDesert</texPath>
			<graphicClass>Graphic_Single</graphicClass>
		</graphicData>
		<apparel>
			<tags>
				<li>PassiveCamo_Desert_High</li>
			</tags>
		</apparel>
	</ThingDef>
	
	<ThingDef ParentName="CASPowGlovesBase">
		<defName>CASPowArmGlovesJungle</defName>
		<label>marine gloves (Jungle)</label>
		<description>A pair of marine gloves with enhanced grip assistance and set of embedded recoil stabilisers. These gloves have a jungle camo design.</description>
		<graphicData>
			<texPath>Things/Item/CASHandwear/CASPowArmGlovesJungle</texPath>
			<graphicClass>Graphic_Single</graphicClass>
		</graphicData>
		<apparel>
			<tags>
				<li>PassiveCamo_Jungle_High</li>
			</tags>
		</apparel>
	</ThingDef>
	
	<ThingDef ParentName="CASPowGlovesBase">
		<defName>CASPowArmGlovesStone</defName>
		<label>marine gloves (Stone)</label>
		<description>A pair of marine gloves with enhanced grip assistance and set of embedded recoil stabilisers. These gloves have a stone camo design.</description>
		<graphicData>
			<texPath>Things/Item/CASHandwear/CASPowArmGlovesStone</texPath>
			<graphicClass>Graphic_Single</graphicClass>
		</graphicData>
		<apparel>
			<tags>
				<li>PassiveCamo_Stone_High</li>
			</tags>
		</apparel>
	</ThingDef>
	
	<ThingDef ParentName="CASPowGlovesBase">
		<defName>CASPowArmGlovesUrban</defName>
		<label>marine gloves (Urban)</label>
		<description>A pair of marine gloves with enhanced grip assistance and set of embedded recoil stabilisers. These gloves have an urban camo design.</description>
		<graphicData>
			<texPath>Things/Item/CASHandwear/CASPowArmGlovesUrban</texPath>
			<graphicClass>Graphic_Single</graphicClass>
		</graphicData>
		<apparel>
			<tags>
				<li>PassiveCamo_Urban_High</li>
			</tags>
		</apparel>
	</ThingDef>
	
	<ThingDef ParentName="CASPowGlovesBase">
		<defName>CASPowArmGlovesWoodland</defName>
		<label>marine gloves (Woodland)</label>
		<description>A pair of marine gloves with enhanced grip assistance and set of embedded recoil stabilisers. These gloves have an woodland camo design.</description>
		<graphicData>
			<texPath>Things/Item/CASHandwear/CASPowArmGlovesWoodland</texPath>
			<graphicClass>Graphic_Single</graphicClass>
		</graphicData>
		<apparel>
			<tags>
				<li>PassiveCamo_Woodland_High</li>
			</tags>
		</apparel>
	</ThingDef>

</Defs>